{
    "result": "success",
    
    "data": [{
        "date": "2015-02-01",
        "companyName": "集团汇总",
        "todayNewVisitorCount": 18,
        "todayOldVisitorCount": 0,
        "todayOldVisitDetail": "2",
        "todayIncomingTelCount": 0,
        "todaySubscriptionCount": 100,
        "todaySubscriptionDetail": "车位73，住宅6，辅助用房21",
        "todaySubscriptionAmount": 2340.0,
        "curMonthSubscriptionCount": 100,
        "curMonthSubscriptionDetail": "车位73，住宅6，辅助用房21",
        "curMonthSubscriptionAmount": 2340.0,
        "curYearSubscriptionCount": 617,
        "curYearSubscriptionAmount": 44867.0,
        "todaySignedCount": 7,
        "todaySignedDetail": "住宅7",
        "todaySignedAmount": 861.0,
        "curMonthSignedCount": 7,
        "curMonthSignedDetail": "住宅7",
        "curMonthSignedAmount": 861.0,
        "curYearSignedCount": 560,
        "curYearSignedAmount": 51701.0
    }, {
        "date": "2015-02-01",
        "companyName": "厦门房地产",
        "todayNewVisitorCount": 18,
        "todayOldVisitorCount": 0,
        "todayOldVisitDetail": "2",
        "todayIncomingTelCount": 0,
        "todaySubscriptionCount": 1,
        "todaySubscriptionDetail": "车位1",
        "todaySubscriptionAmount": 36.0,
        "curMonthSubscriptionCount": 1,
        "curMonthSubscriptionDetail": "车位1",
        "curMonthSubscriptionAmount": 36.0,
        "curYearSubscriptionCount": 75,
        "curYearSubscriptionAmount": 5358.0,
        "todaySignedCount": 0,
        "todaySignedAmount": 0.0,
        "curMonthSignedCount": 0,
        "curMonthSignedAmount": 0.0,
        "curYearSignedCount": 66,
        "curYearSignedAmount": 3817.0
    }, {
        "date": "2015-02-01",
        "companyName": "桂林房地产",
        "todayNewVisitorCount": 0,
        "todayOldVisitorCount": 0,
        "todayOldVisitDetail": "0",
        "todayIncomingTelCount": 0,
        "todaySubscriptionCount": 97,
        "todaySubscriptionDetail": "车位72，住宅4，辅助用房21",
        "todaySubscriptionAmount": 2091.0,
        "curMonthSubscriptionCount": 97,
        "curMonthSubscriptionDetail": "车位72，住宅4，辅助用房21",
        "curMonthSubscriptionAmount": 2091.0,
        "curYearSubscriptionCount": 305,
        "curYearSubscriptionAmount": 13712.0,
        "todaySignedCount": 2,
        "todaySignedDetail": "住宅2",
        "todaySignedAmount": 263.0,
        "curMonthSignedCount": 2,
        "curMonthSignedDetail": "住宅2",
        "curMonthSignedAmount": 263.0,
        "curYearSignedCount": 234,
        "curYearSignedAmount": 20579.0
    }, {
        "date": "2015-02-01",
        "companyName": "南昌房地产",
        "todayNewVisitorCount": 0,
        "todayOldVisitorCount": 0,
        "todayOldVisitDetail": "0",
        "todayIncomingTelCount": 0,
        "todaySubscriptionCount": 0,
        "todaySubscriptionAmount": 0.0,
        "curMonthSubscriptionCount": 0,
        "curMonthSubscriptionAmount": 0.0,
        "curYearSubscriptionCount": 94,
        "curYearSubscriptionAmount": 11306.0,
        "todaySignedCount": 0,
        "todaySignedAmount": 0.0,
        "curMonthSignedCount": 0,
        "curMonthSignedAmount": 0.0,
        "curYearSignedCount": 73,
        "curYearSignedAmount": 8884.0
    }, {
        "date": "2015-02-01",
        "companyName": "南宁房地产",
        "todayNewVisitorCount": 0,
        "todayOldVisitorCount": 0,
        "todayOldVisitDetail": "0",
        "todayIncomingTelCount": 0,
        "todaySubscriptionCount": 0,
        "todaySubscriptionAmount": 0.0,
        "curMonthSubscriptionCount": 0,
        "curMonthSubscriptionAmount": 0.0,
        "curYearSubscriptionCount": 55,
        "curYearSubscriptionAmount": 5194.0,
        "todaySignedCount": 0,
        "todaySignedAmount": 0.0,
        "curMonthSignedCount": 0,
        "curMonthSignedAmount": 0.0,
        "curYearSignedCount": 66,
        "curYearSignedAmount": 5465.0
    }, {
        "date": "2015-02-01",
        "companyName": "武汉房地产",
        "todayNewVisitorCount": 0,
        "todayOldVisitorCount": 0,
        "todayOldVisitDetail": "0",
        "todayIncomingTelCount": 0,
        "todaySubscriptionCount": 0,
        "todaySubscriptionAmount": 0.0,
        "curMonthSubscriptionCount": 0,
        "curMonthSubscriptionAmount": 0.0,
        "curYearSubscriptionCount": 36,
        "curYearSubscriptionAmount": 3766.0,
        "todaySignedCount": 0,
        "todaySignedAmount": 0.0,
        "curMonthSignedCount": 0,
        "curMonthSignedAmount": 0.0,
        "curYearSignedCount": 37,
        "curYearSignedAmount": 3791.0
    }, {
        "date": "2015-02-01",
        "companyName": "天津房地产",
        "todayNewVisitorCount": 0,
        "todayOldVisitorCount": 0,
        "todayOldVisitDetail": "0",
        "todayIncomingTelCount": 0,
        "todaySubscriptionCount": 1,
        "todaySubscriptionDetail": "住宅1",
        "todaySubscriptionAmount": 109.0,
        "curMonthSubscriptionCount": 1,
        "curMonthSubscriptionDetail": "住宅1",
        "curMonthSubscriptionAmount": 109.0,
        "curYearSubscriptionCount": 36,
        "curYearSubscriptionAmount": 3575.0,
        "todaySignedCount": 3,
        "todaySignedDetail": "住宅3",
        "todaySignedAmount": 321.0,
        "curMonthSignedCount": 3,
        "curMonthSignedDetail": "住宅3",
        "curMonthSignedAmount": 321.0,
        "curYearSignedCount": 65,
        "curYearSignedAmount": 6934.0
    }, {
        "date": "2015-02-01",
        "companyName": "扬州房地产",
        "todayNewVisitorCount": 0,
        "todayOldVisitorCount": 0,
        "todayOldVisitDetail": "0",
        "todayIncomingTelCount": 0,
        "todaySubscriptionCount": 1,
        "todaySubscriptionDetail": "住宅1",
        "todaySubscriptionAmount": 105.0,
        "curMonthSubscriptionCount": 1,
        "curMonthSubscriptionDetail": "住宅1",
        "curMonthSubscriptionAmount": 105.0,
        "curYearSubscriptionCount": 16,
        "curYearSubscriptionAmount": 1956.0,
        "todaySignedCount": 2,
        "todaySignedDetail": "住宅2",
        "todaySignedAmount": 277.0,
        "curMonthSignedCount": 2,
        "curMonthSignedDetail": "住宅2",
        "curMonthSignedAmount": 277.0,
        "curYearSignedCount": 19,
        "curYearSignedAmount": 2230.0
    }]
}